,City,Cloudiness,Country,Date,Humidity,Lat,Lng,Max Temp,Wind Speed
0,Avarua,13,CK,1587315342,83,-21.21,-159.78,77.0,4.7
1,Busselton,97,AU,1587315342,59,-33.65,115.33,55.99,14.7
2,Vardø,75,NO,1587315343,74,70.37,31.11,37.4,10.29
3,Qaanaaq,68,GL,1587315343,89,77.48,-69.36,17.53,8.03
4,Rikitea,59,PF,1587315343,70,-23.12,-134.97,76.75,7.87
5,São Filipe,13,CV,1587315132,74,14.9,-24.5,72.03,23.78
6,Kuusamo,20,FI,1587315155,86,65.97,29.18,37.4,4.7
7,Saint Paul Harbor,90,US,1587315514,87,57.79,-152.41,42.8,9.55
8,Mataura,93,NZ,1587315343,85,-46.19,168.86,43.0,4.0
9,Mattru,100,SL,1587315343,65,7.62,-11.83,85.35,6.6
10,West Wendover,90,US,1587315344,50,40.74,-114.07,51.8,10.29
11,Hermanus,59,ZA,1587315344,82,-34.42,19.23,64.99,13.29
12,Carnarvon,38,AU,1587315344,83,-24.87,113.63,73.4,13.87
13,Sterling,1,US,1587315344,38,39.01,-77.43,63.0,10.29
14,Plastun,100,RU,1587315515,83,44.76,136.29,38.39,3.51
15,Vangaindrano,1,MG,1587315515,91,-23.35,47.6,71.17,5.93
16,Lavrentiya,100,RU,1587315345,91,65.58,-171.0,16.23,6.91
17,Ostrovnoy,97,RU,1587315345,95,68.05,39.51,30.65,10.69
18,Albany,1,US,1587315055,28,42.6,-73.97,60.01,5.01
19,Butaritari,14,KI,1587315345,75,3.07,172.79,83.07,12.5
20,Lebu,100,CL,1587315222,60,-37.62,-73.65,61.47,8.14
21,Saint-Augustin,79,CA,1587315345,94,51.23,-58.65,31.71,12.88
22,Den Helder,0,NL,1587315516,66,52.96,4.76,55.0,21.92
23,Soto la Marina,14,MX,1587315345,50,23.77,-98.22,93.99,14.0
24,Cidreira,0,BR,1587315346,65,-30.18,-50.21,72.5,14.12
25,Caravelas,74,BR,1587315346,76,-17.71,-39.25,77.41,19.39
26,Hambantota,99,LK,1587315346,81,6.12,81.12,82.72,8.77
27,Puerto Ayora,40,EC,1587315343,74,-0.74,-90.35,84.2,13.87
28,Arraial do Cabo,40,BR,1587315347,65,-22.97,-42.03,78.8,8.05
29,Sørland,75,NO,1587315347,87,67.67,12.69,42.8,13.87
30,Punta Arenas,40,CL,1587315200,65,-53.15,-70.92,44.6,44.96
31,Kalmunai,81,LK,1587315347,78,7.42,81.82,82.74,5.01
32,Cape Town,20,ZA,1587315165,88,-33.93,18.42,66.99,19.46
33,Jamestown,1,US,1587315128,50,42.1,-79.24,51.8,18.34
34,Tomé,91,CL,1587315348,63,-36.62,-72.95,64.4,5.82
35,Beringovskiy,100,RU,1587315348,96,63.05,179.32,16.25,15.46
36,Paranaíba,54,BR,1587315348,57,-19.68,-51.19,81.81,4.81
37,Hilo,40,US,1587315192,68,19.73,-155.09,66.99,8.05
38,Narsaq,20,GL,1587315348,50,60.92,-46.05,33.8,2.24
39,Bredasdorp,4,ZA,1587315348,82,-34.53,20.04,64.99,2.33
40,Puerto Madero,40,MX,1587315349,66,14.72,-92.42,87.8,3.36
41,New Norfolk,100,AU,1587315349,83,-42.78,147.06,48.0,4.12
42,Yellowknife,20,CA,1587315349,67,62.46,-114.35,21.2,11.41
43,Gubbio,100,IT,1587315349,63,43.35,12.57,69.01,2.98
44,Khatanga,38,RU,1587315349,94,71.97,102.5,17.4,4.81
45,Los Llanos de Aridane,20,ES,1587315350,64,28.66,-17.92,69.8,16.11
46,Cabo San Lucas,5,MX,1587315425,82,22.89,-109.91,75.0,3.36
47,Bac Lieu,21,VN,1587315581,76,9.29,105.72,81.64,6.44
48,Inírida,81,CO,1587315581,76,3.87,-67.92,81.57,2.68
49,Waingapu,81,ID,1587315581,79,-9.66,120.26,78.12,3.24
50,Port Alfred,20,ZA,1587315581,57,-33.59,26.89,77.63,14.81
51,Pointe Michel,75,DM,1587315581,66,15.25,-61.38,84.2,5.82
52,Saint Anthony,1,US,1587315294,38,45.02,-93.22,45.0,11.41
53,Kapaa,75,US,1587315582,83,22.08,-159.32,69.8,5.82
54,Alyangula,0,AU,1587315582,100,-13.85,136.42,75.2,4.54
55,Atuona,92,PF,1587315582,76,-9.8,-139.03,82.45,15.55
56,Lorengau,30,PG,1587315582,78,-2.02,147.27,82.11,5.06
57,Bjørnevatn,75,NO,1587315486,74,69.67,29.98,37.4,9.17
58,Miyako,100,JP,1587315582,86,39.64,141.95,46.09,10.63
59,Bengkulu,100,ID,1587315582,81,-3.8,102.27,78.82,3.74
60,Ushuaia,75,AR,1587315583,75,-54.8,-68.3,44.6,4.41
61,Aksarayskiy,87,RU,1587315583,45,46.79,48.01,62.6,6.71
62,Bethel,1,US,1587315583,43,41.37,-73.41,59.0,18.34
63,San Patricio,5,MX,1587315583,65,19.22,-104.7,80.6,5.82
64,Saint Joseph,1,US,1587315425,38,39.77,-94.85,63.0,12.75
65,Mahébourg,40,MU,1587315304,73,-20.41,57.7,77.0,12.75
66,Dingle,90,PH,1587315583,80,11.0,122.67,80.31,7.54
67,Yerbogachën,0,RU,1587315584,91,61.28,108.01,15.66,2.62
68,Bukachacha,70,RU,1587315584,77,52.98,116.92,16.45,6.78
69,Nikolskoye,40,RU,1587315584,69,59.7,30.79,42.01,8.95
70,Shubarkuduk,100,KZ,1587315584,58,49.14,56.49,55.67,7.47
71,Belmonte,75,BR,1587315584,88,-15.86,-38.88,77.0,8.05
72,Cap-aux-Meules,40,CA,1587315585,55,47.38,-61.86,37.4,23.04
73,Saskylakh,0,RU,1587315585,93,71.92,114.08,15.55,7.4
74,Mizoch,49,UA,1587315585,59,50.4,26.15,41.07,9.6
75,Sokolo,96,ML,1587315586,18,14.73,-6.12,99.9,11.9
76,Ucluelet,90,CA,1587315587,81,48.93,-125.55,50.0,10.29
77,Hobart,100,AU,1587315587,81,-42.88,147.33,50.0,5.82
78,Husavik,75,IS,1587315587,66,66.04,-17.34,50.0,23.04
79,Darhan,0,MN,1587315587,65,49.49,105.92,28.4,9.53
80,Norman Wells,75,CA,1587315587,85,65.28,-126.83,24.8,17.22
81,Chui,0,UY,1587315415,63,-33.7,-53.46,72.5,8.7
82,Katsuura,98,JP,1587315588,75,35.13,140.3,51.01,1.01
83,Bairiki Village,75,KI,1587315588,94,1.33,172.98,78.8,1.12
84,Yangi Marg`ilon,3,UZ,1587315588,44,40.43,71.72,60.8,2.24
85,Hong Kong,45,HK,1587315414,83,22.29,114.16,77.0,6.2
86,Thompson,90,CA,1587315574,78,55.74,-97.86,15.8,6.93
87,Amarante do Maranhão,16,BR,1587315588,59,-5.57,-46.74,86.04,5.1
88,Luís Correia,91,BR,1587315589,74,-2.88,-41.67,84.52,6.46
89,Ponta do Sol,24,PT,1587315315,53,32.67,-17.1,66.99,5.01
90,Gladstone,40,AU,1587315589,88,-23.85,151.25,69.8,4.7
91,Ribeira Grande,20,PT,1587315589,59,38.52,-28.7,60.8,24.16
92,Tiksi,86,RU,1587315589,86,71.69,128.87,10.02,6.93
93,Kozhva,98,RU,1587315590,95,65.11,57.05,33.46,3.06
94,Viedma,68,AR,1587315497,26,-40.81,-63.0,71.6,8.81
95,Barrow,90,US,1587315650,78,71.29,-156.79,8.6,3.36
96,Bluff,97,NZ,1587315650,85,-46.6,168.33,43.0,5.01
97,Coahuayana Viejo,40,MX,1587315650,54,18.73,-103.68,80.6,6.55
98,Hoquiam,75,US,1587315650,100,46.98,-123.89,51.01,8.05
99,Torbay,90,CA,1587315650,92,47.67,-52.73,32.0,24.16
100,Castro,2,BR,1587315651,34,-24.79,-50.01,73.99,2.82
101,Vaini,20,TO,1587315651,83,-21.2,-175.2,77.0,8.05
102,North Branch,0,US,1587315651,44,45.51,-92.98,41.0,5.99
103,Sucúa,78,EC,1587315651,35,-2.47,-78.17,80.33,4.0
104,Marigot,40,MF,1587315651,66,18.07,-63.08,84.2,9.17
105,Gerāsh,100,IR,1587315651,69,27.67,54.14,73.4,4.38
106,Chaska,1,US,1587315628,35,44.79,-93.6,45.0,13.87
107,Erzin,20,TR,1587315652,53,36.96,36.2,73.4,10.29
108,Bathsheba,40,BB,1587315652,55,13.22,-59.52,87.8,21.92
109,Sola,96,VU,1587315652,74,-13.88,167.55,82.51,4.79
110,Kincardine,0,GB,1587315652,61,56.07,-3.72,57.99,7.0
111,Kamen'-Rybolov,100,RU,1587315652,69,44.75,132.04,44.33,15.46
112,Port-Gentil,75,GA,1587315652,74,-0.72,8.78,87.8,9.17
113,Nanortalik,14,GL,1587315653,89,60.14,-45.24,30.18,15.79
114,Colares,20,PT,1587315653,55,38.8,-9.45,64.0,18.34
115,Leningradskiy,96,RU,1587315653,92,69.38,178.42,6.6,6.89
116,Kilindoni,90,TZ,1587315653,77,-7.91,39.67,82.62,16.73
117,Saint-Louis,0,SN,1587315653,19,16.33,-15.0,96.8,2.24
118,Constitución,57,CL,1587315654,41,-35.33,-72.42,68.11,17.36
119,Grindavik,90,IS,1587315654,100,63.84,-22.43,48.2,24.16
120,Yārāda,20,IN,1587315654,83,17.65,83.27,84.2,5.82
121,Aleppo Governorate,36,SY,1587315654,41,36.25,37.5,67.44,5.32
122,Zhuhai,40,CN,1587315654,88,22.28,113.57,77.0,5.82
123,Souillac,40,MU,1587315654,73,-20.52,57.52,77.0,12.75
124,Gamba,18,GA,1587315654,83,-2.65,10.0,81.12,8.12
125,Seoul,90,KR,1587315622,81,37.57,126.98,50.0,5.82
126,Abu Dhabi,98,AE,1587315367,58,24.47,54.37,87.8,9.17
127,Port Elizabeth,2,ZA,1587315510,69,-33.92,25.57,73.4,4.7
128,Makakilo City,20,US,1587315655,100,21.35,-158.09,69.8,2.66
129,Kavaratti,4,IN,1587315655,67,10.57,72.64,85.98,5.32
130,Susanville,57,US,1587315454,51,40.42,-120.65,51.01,8.99
131,Khanbari,54,NP,1587315655,35,27.37,87.2,67.44,4.27
132,Mar del Plata,2,AR,1587315502,60,-38.0,-57.56,75.0,23.04
133,Carman,100,CA,1587315576,43,49.5,-98.0,39.0,11.01
134,Margate,0,GB,1587315656,71,51.38,1.39,54.0,8.01
135,Port Augusta,75,AU,1587315657,28,-32.5,137.77,73.4,12.75
136,Adrar,0,MR,1587315657,14,20.5,-10.07,83.43,10.6
137,Isangel,100,VU,1587315657,84,-19.55,169.27,78.89,16.4
138,Henties Bay,1,NA,1587315657,90,-22.12,14.28,60.01,7.0
139,Naugachhia,11,IN,1587315717,35,25.4,87.1,85.59,6.89
140,Voh,53,NC,1587315717,85,-20.97,164.7,75.42,6.67
141,Mount Isa,28,AU,1587315580,48,-20.73,139.5,62.6,7.25
142,Port Lincoln,100,AU,1587315718,74,-34.73,135.87,63.25,21.52
143,Lusambo,73,CD,1587315718,82,-4.97,23.45,73.27,1.99
144,Sambava,11,MG,1587315718,86,-14.27,50.17,75.54,6.04
145,Cherskiy,99,RU,1587315718,93,68.75,161.3,-0.9,6.55
146,Ambilobe,50,MG,1587315718,87,-13.2,49.05,74.53,3.74
147,Clyde River,40,CA,1587315718,77,70.47,-68.59,1.4,3.42
148,Saldanha,0,ZA,1587315719,77,-33.01,17.94,62.6,11.41
149,East London,8,ZA,1587315719,64,-33.02,27.91,77.58,18.14
150,Tataouine,99,TN,1587315719,11,32.93,10.45,98.6,8.05
151,Talnakh,100,RU,1587315609,69,69.49,88.4,39.2,31.32
152,Berlevåg,75,NO,1587315720,86,70.86,29.09,39.2,11.41
153,Villazón,6,BO,1587315720,9,-22.09,-65.59,60.24,1.32
154,Saint-Philippe,20,RE,1587315720,78,-21.36,55.77,77.0,21.92
155,Hithadhoo,36,MV,1587315720,74,-0.6,73.08,85.21,11.39
156,Sept-Îles,20,CA,1587315696,64,50.2,-66.38,37.0,18.34
157,Altamira,97,BR,1587315594,71,-3.2,-52.21,83.26,3.62
158,Palmer,40,US,1587315721,43,42.16,-72.33,57.99,12.75
159,Fortuna,75,US,1587315722,93,40.6,-124.16,55.0,4.54
160,Pisco,9,PE,1587315722,73,-13.7,-76.22,73.4,8.05
161,Chicama,22,PE,1587315722,83,-7.84,-79.15,69.8,12.75
162,Leh,49,IN,1587315723,17,34.17,77.58,34.48,3.38
163,Dikson,100,RU,1587315723,88,73.51,80.55,35.4,30.65
164,Turukhansk,100,RU,1587315723,75,65.82,87.98,37.99,15.46
165,Babu,89,CN,1587315723,84,24.42,111.52,67.08,3.87
166,Hwange,6,ZW,1587315724,39,-18.37,26.5,72.5,2.06
167,Ekhabi,100,RU,1587315724,98,53.51,142.97,28.8,14.36
168,Bandarbeyla,61,SO,1587315724,69,9.49,50.81,82.78,10.25
169,Río Gallegos,40,AR,1587315724,61,-51.62,-69.22,48.2,40.26
170,Port Moresby,40,PG,1587315435,100,-9.44,147.18,77.0,3.36
171,Dongsheng,0,CN,1587315724,36,39.82,109.98,35.92,12.08
172,Sittwe,5,MM,1587315724,85,20.15,92.9,79.81,9.66
173,Pathein,29,MM,1587315725,86,16.78,94.73,76.98,8.66
174,Batagay,85,RU,1587315725,85,67.63,134.63,0.57,4.03
175,Tuatapere,88,NZ,1587315725,85,-46.13,167.68,43.0,5.01
176,Menongue,49,AO,1587315725,48,-14.66,17.69,67.66,6.64
177,Iqaluit,5,CA,1587315592,64,63.75,-68.51,1.4,1.25
178,Huanren,100,CN,1587315726,77,41.26,125.37,45.16,5.26
179,Abhā,99,SA,1587315726,82,18.22,42.51,66.2,8.05
180,Gizo Government Station,97,SB,1587315786,76,-8.1,156.84,81.09,1.97
181,Sehore,59,IN,1587315786,15,23.2,77.08,85.98,9.31
182,Trat,4,TH,1587315786,85,12.5,102.5,78.01,1.86
183,Rundu,96,NA,1587315786,69,-17.93,19.77,73.4,4.7
184,Eatonton,100,US,1587315787,93,33.33,-83.39,50.0,3.49
185,George Town,20,MY,1587315487,88,5.41,100.34,84.0,3.36
186,Tanta,0,EG,1587315787,71,30.79,31.0,60.78,9.98
187,Praia da Vitória,20,PT,1587315635,63,38.73,-27.07,64.4,29.64
188,Geraldton,35,AU,1587315590,87,-28.77,114.6,57.2,2.24
189,Sistranda,20,NO,1587315787,81,63.73,8.83,44.6,13.87
190,Solano,90,US,1587315787,62,38.23,-121.95,60.01,10.29
191,Bilibino,99,RU,1587315788,77,68.05,166.44,-3.08,0.81
192,Chokurdakh,100,RU,1587315788,95,70.63,147.92,6.24,9.69
193,Iquitos,75,PE,1587315639,74,-3.75,-73.25,82.4,2.24
194,Belyy Yar,0,RU,1587315789,38,53.6,91.39,42.8,4.47
195,Lompoc,75,US,1587315789,71,34.64,-120.46,59.0,8.21
196,Honningsvåg,75,NO,1587315789,80,70.98,25.97,41.0,25.28
197,High Level,90,CA,1587315789,64,58.52,-117.14,39.2,3.36
198,Kapoeta,100,SS,1587315789,37,4.77,33.59,78.06,2.93
199,Asha,26,RU,1587315789,77,55.0,57.27,37.83,2.75
200,Simpang,62,ID,1587315790,78,-1.27,104.08,79.09,2.19
201,West Bay,20,KY,1587315790,62,19.37,-81.42,89.6,8.05
202,San Quintín,99,MX,1587315790,63,30.48,-115.95,63.99,15.23
203,Rethymno,63,GR,1587315790,68,35.36,24.47,64.4,3.36
204,Tasiilaq,99,GL,1587315784,93,65.61,-37.64,32.0,24.16
205,Anadyr,20,RU,1587315796,92,64.75,177.48,14.0,2.24
206,Lüderitz,0,NA,1587315796,64,-26.65,15.16,69.8,10.29
207,Trelew,87,AR,1587315796,25,-43.25,-65.31,66.58,20.76
208,Wichian Buri,95,TH,1587315796,60,15.66,101.11,82.8,2.39
209,Tazovsky,100,RU,1587315796,98,67.47,78.7,34.9,7.81
210,Peniche,7,PT,1587315796,74,39.36,-9.38,63.0,10.0
211,Cap Malheureux,40,MU,1587315667,73,-19.98,57.61,77.0,12.75
212,Jiuquan,84,CN,1587315797,25,39.74,98.52,43.84,9.64
213,Ilulissat,52,GL,1587315797,54,69.22,-51.1,28.4,21.92
214,Pangody,100,RU,1587315797,96,65.85,74.49,33.93,10.45
215,Tuktoyaktuk,90,CA,1587315575,84,69.45,-133.04,6.8,14.99
216,Noyabrsk,100,RU,1587315797,86,63.2,75.45,36.52,6.26
217,Xapuri,1,BR,1587315797,54,-10.65,-68.5,84.2,6.93
218,Petropavlovsk-Kamchatskiy,29,RU,1587315798,41,53.05,158.65,24.8,15.66
219,Puerto Escondido,5,MX,1587315798,75,15.85,-97.07,89.6,9.17
220,Lucapa,78,AO,1587315798,73,-8.42,20.74,68.47,1.77
221,Lātehār,75,IN,1587315798,25,23.75,84.5,81.63,5.08
222,Watsa,87,CD,1587315798,74,3.04,29.54,65.82,3.2
223,Ingham,75,US,1587315798,58,42.6,-84.38,57.2,18.34
224,Goderich,98,CA,1587315799,77,43.75,-81.72,45.0,15.59
225,Quatre Cocos,40,MU,1587315573,73,-20.21,57.76,77.0,12.75
226,Kavieng,23,PG,1587315859,71,-2.57,150.8,83.61,4.18
227,Kimbe,20,PG,1587315860,87,-5.55,150.14,76.87,1.86
228,Orocué,85,CO,1587315860,41,4.79,-71.34,92.19,9.82
229,Albanel,90,CA,1587315860,80,48.88,-72.45,39.2,14.99
230,Aklavik,40,CA,1587315860,47,68.22,-135.01,15.8,4.7
231,Chancay,23,PE,1587315860,64,-11.57,-77.27,75.2,6.93
232,Huilong,71,CN,1587315860,88,31.81,121.66,57.0,9.28
233,Emerald,0,AU,1587315606,82,-23.53,148.17,68.0,11.41
234,Gaspé,20,CA,1587315600,64,48.83,-64.48,35.6,17.22
235,Shimoda,100,JP,1587315861,86,34.67,138.95,54.0,1.99
236,Heishan,71,CN,1587315861,81,41.69,122.11,49.8,21.97
237,Zhicheng,55,CN,1587315861,79,30.3,111.5,59.41,1.45
238,Fonte Boa,75,BR,1587315861,91,-2.5,-66.27,78.19,3.24
239,Amapá,62,BR,1587315861,51,1.0,-52.0,90.75,2.62
240,Itapirapuã,69,BR,1587315862,59,-15.82,-50.61,84.74,2.68
241,Naryan-Mar,100,RU,1587315863,98,67.67,53.09,31.46,2.46
242,Laas,75,IT,1587315863,58,46.62,10.7,57.2,8.05
243,Half Moon Bay,90,US,1587315863,82,37.46,-122.43,59.0,4.7
244,Havre-St-Pierre,1,CA,1587315863,69,50.23,-63.6,33.8,16.11
245,Upernavik,63,GL,1587315863,88,72.79,-56.15,24.24,10.78
246,Ouro Fino,70,BR,1587315863,52,-22.28,-46.37,72.86,1.41
247,Linxia Chengguanzhen,100,CN,1587315863,25,35.6,103.21,47.52,3.91
248,Faanui,68,PF,1587315864,78,-16.48,-151.75,82.6,14.05
249,Biggar,0,GB,1587315580,61,55.62,-3.52,49.57,8.9
250,Hofn,90,IS,1587315646,81,64.25,-15.21,46.4,6.93
251,Asău,75,RO,1587315864,50,46.43,26.4,57.2,23.04
252,Gérardmer,92,FR,1587315588,43,48.07,6.88,72.0,13.87
253,São João da Barra,75,BR,1587315683,57,-21.64,-41.05,78.8,6.93
254,Kruisfontein,31,ZA,1587315649,40,-34.0,24.73,75.02,8.19
255,Bubaque,75,GW,1587315864,71,11.28,-15.83,77.9,17.0
256,Hamilton,20,US,1587315644,62,39.18,-84.53,55.99,8.05
257,Cairns,90,AU,1587315865,88,-16.92,145.77,78.8,2.04
258,‘Ewa Beach,20,US,1587315676,77,21.32,-158.01,69.8,4.7
259,Kaitangata,74,NZ,1587315865,52,-46.28,169.85,51.01,15.01
260,Lata,9,PT,1587315865,69,40.16,-8.33,63.0,8.01
261,City of San Pedro,20,PH,1587315866,66,14.35,121.02,84.2,8.05
262,Zutphen,0,NL,1587315866,28,52.14,6.2,64.0,8.01
263,Santa Helena,97,BR,1587315866,71,-2.23,-45.3,85.73,3.53
264,Hay River,90,CA,1587315866,74,60.82,-115.8,28.4,4.7
265,Provideniya,98,RU,1587315866,94,64.38,-173.3,18.32,15.28
266,Guerrero Negro,63,MX,1587315867,60,27.98,-114.06,65.89,15.1
267,Ca Mau,31,VN,1587315868,80,9.18,105.15,80.17,4.5
268,Pangnirtung,20,CA,1587315680,77,66.15,-65.71,3.2,10.29
269,Kovdor,97,RU,1587315868,88,67.57,30.48,31.98,5.17
270,Deputatsky,98,RU,1587315868,86,69.3,139.9,0.54,5.55
271,Ambāgarh Chauki,66,IN,1587315868,34,20.78,80.72,84.25,4.34
272,Salinópolis,28,BR,1587315929,76,-0.61,-47.36,83.1,8.7
273,Abu Samrah,60,SY,1587315824,36,35.3,37.18,71.51,5.32
274,Mocuba,18,MZ,1587315929,92,-16.84,36.99,69.69,5.41
275,Moba,100,CN,1587315929,50,33.23,105.02,46.96,2.62
276,Lábrea,85,BR,1587315929,67,-7.26,-64.8,84.04,2.91
277,Gillette,90,US,1587315926,93,44.29,-105.5,42.01,11.79
278,Severo-Kuril'sk,9,RU,1587315929,90,50.68,156.12,26.42,14.27
279,Nyuksenitsa,10,RU,1587315929,96,60.41,44.24,30.09,0.74
280,Bulnes,86,CL,1587315797,43,-36.74,-72.3,69.8,16.11
281,Bījār,44,IR,1587315930,33,35.87,47.61,52.74,4.99
282,Harper,100,LR,1587315930,76,4.38,-7.72,83.44,7.2
283,Beloha,0,MG,1587315930,73,-25.17,45.05,73.27,21.14
284,Bambous Virieux,40,MU,1587315930,73,-20.34,57.76,77.0,12.75
285,Najrān,75,SA,1587315930,60,17.49,44.13,75.2,11.41
286,Padang,86,ID,1587315931,77,-0.95,100.35,78.48,3.42
287,Kawhia,99,NZ,1587315931,99,-38.07,174.82,59.0,1.01
288,Vila Velha,20,BR,1587315931,57,-20.33,-40.29,80.6,17.22
289,Saint-François,100,FR,1587315931,77,46.42,3.91,63.0,4.32
290,Urucurituba,81,BR,1587315931,92,-2.68,-57.67,78.06,5.01
291,Acaraú,77,BR,1587315931,82,-2.89,-40.12,82.76,6.06
292,Uglovskoye,41,RU,1587315931,40,51.36,80.19,54.93,4.23
293,Coyhaique,75,CL,1587315931,61,-45.58,-72.07,50.0,14.99
294,Nador,56,MA,1587315671,60,35.17,-2.93,68.0,20.8
295,Rovaniemi,75,FI,1587315932,92,66.5,25.72,42.8,9.17
296,Tel'ma,87,RU,1587315939,76,52.7,103.71,32.0,8.95
297,Warren,1,US,1587315939,58,39.43,-84.17,55.99,9.17
298,Grapevine,75,US,1587315904,94,32.93,-97.08,72.0,6.69
299,Hirara,59,JP,1587315939,90,24.8,125.28,75.16,17.69
300,Pacific Grove,47,US,1587315919,80,36.62,-121.92,57.99,1.01
301,Barra de Tecoanapa,15,MX,1587315940,43,16.52,-98.75,89.4,10.51
302,Tianpeng,100,CN,1587315906,1,30.99,103.94,66.99,1.99
303,Hualmay,19,PE,1587315940,62,-11.1,-77.61,76.95,9.28
304,Östersund,61,SE,1587315893,70,63.18,14.64,42.8,14.99
305,Atbasar,64,KZ,1587315940,62,51.8,68.33,54.34,5.48
306,Departamento de Maldonado,20,UY,1587315941,57,-34.67,-54.92,78.01,9.17
307,Idlib,20,SY,1587315941,53,35.93,36.63,73.4,10.29
308,De-Kastri,100,RU,1587315941,89,51.47,140.78,34.38,14.07
309,Batemans Bay,89,AU,1587315941,100,-35.72,150.18,57.0,5.88
310,Belaya Gora,95,RU,1587315941,89,68.53,146.42,-0.44,8.05
311,Heyang,100,CN,1587315941,72,26.1,107.47,61.43,3.13
312,Yaroslavskiy,100,RU,1587315942,71,44.17,132.21,43.52,6.78
313,Kashary,94,RU,1587315942,57,49.04,41.01,46.44,2.48
314,Adra,75,ES,1587315942,72,36.75,-3.02,64.4,11.41
315,Bodden Town,20,KY,1587315942,62,19.28,-81.25,89.6,8.05
316,Vidim,16,RU,1587315942,89,56.41,103.11,19.6,3.87
317,Province of Mantua,100,IT,1587315942,53,45.17,10.78,73.99,3.62
318,Ponta Delgada,20,PT,1587315942,63,37.73,-25.67,62.6,32.21
319,Venado Tuerto,0,AR,1587315943,31,-33.75,-61.97,84.99,10.09
320,Uberlândia,97,BR,1587316003,65,-18.92,-48.28,72.0,5.44
321,Cocorit,5,MX,1587316003,49,27.58,-109.97,73.4,5.82
322,Vzmorye,0,RU,1587316003,70,54.7,20.24,44.6,17.9
323,Samarai,8,PG,1587316003,82,-10.62,150.67,79.99,4.43
324,Lakes Entrance,100,AU,1587316003,64,-37.88,147.98,56.34,10.74
325,Troitskoye,17,RU,1587316003,56,52.98,84.68,48.07,1.99
326,Sitka,90,US,1587316003,93,57.05,-135.33,39.2,3.36
327,Kahului,1,US,1587316004,87,20.89,-156.47,71.01,5.82
328,Ust'-Ilimsk,3,RU,1587316004,90,58.0,102.66,20.16,2.37
329,Qingdao,0,CN,1587316004,93,36.1,120.37,50.0,4.47
330,Labytnangi,100,RU,1587316004,94,66.66,66.42,33.46,4.05
331,Florø,0,NO,1587315784,46,61.6,5.03,53.6,5.82
332,Santa Rosa del Sur,100,CO,1587316004,66,7.96,-74.05,79.12,0.27
333,Pevek,100,RU,1587315917,94,69.7,170.31,4.23,5.55
334,Gualeguay,0,AR,1587316005,30,-33.14,-59.31,83.19,7.56
335,Awjilah,9,LY,1587316005,18,29.11,21.29,76.73,7.52
336,General Pico,6,AR,1587316006,31,-35.66,-63.76,81.77,2.15
337,Beyneu,100,KZ,1587316006,26,45.32,55.2,69.37,21.03
338,Lake City,40,US,1587316007,78,30.19,-82.64,84.99,6.93
339,Qom,19,IR,1587316007,32,34.64,50.88,69.57,6.58
340,Inuvik,90,CA,1587316007,66,68.35,-133.72,12.2,9.17
341,Aliwal North,0,ZA,1587316007,32,-30.69,26.71,65.62,4.47
342,Marawi,80,PH,1587316007,73,8.0,124.29,67.96,2.46
343,Sakakah,21,SA,1587316007,21,29.97,40.21,78.8,11.41
344,Ballina,0,AU,1587316008,67,-28.87,153.57,63.0,8.16
345,Shetpe,100,KZ,1587316008,40,44.17,52.12,64.58,5.26
346,Abaza,0,RU,1587316008,52,52.66,90.09,41.59,1.81
347,Olinda,40,BR,1587315934,74,-8.01,-34.86,84.2,9.17
348,Dolisie,90,CG,1587316008,77,-4.2,12.67,75.67,1.83
349,Iranduba,75,BR,1587316008,74,-3.28,-60.19,84.2,6.93
350,Ratnapura,93,LK,1587316008,81,6.68,80.4,78.4,2.62
351,Kongolo,99,CD,1587316008,80,-5.38,27.0,70.95,2.19
352,Enshi,82,CN,1587316008,72,30.3,109.48,60.93,2.1
353,Fort Nelson,40,CA,1587316009,35,58.81,-122.7,57.2,14.99
354,Matara,99,LK,1587316009,88,5.95,80.54,79.95,5.95
355,The Valley,40,AI,1587315837,66,18.22,-63.06,84.2,9.17
356,Namatanai,54,PG,1587316009,72,-3.67,152.43,82.06,2.48
357,Adré,48,TD,1587316009,11,13.47,22.2,83.16,9.73
358,Kirakira,99,SB,1587316009,81,-10.45,161.92,79.2,2.44
359,Rabaul,78,PG,1587316009,77,-4.2,152.17,80.94,1.41
360,Neiafu,20,TO,1587316009,83,-18.65,-173.98,78.8,10.29
361,Waddān,94,LY,1587316010,13,29.16,16.14,82.47,14.09
362,Sisimiut,98,GL,1587316010,97,66.94,-53.67,26.28,32.21
363,Siocon,99,PH,1587316010,78,7.71,122.14,82.94,2.82
364,Shache,88,CN,1587316010,41,38.42,77.24,58.44,7.54
365,Pahrump,27,US,1587315822,49,36.21,-115.98,66.0,5.99
366,Santa Rita,75,BR,1587316011,79,-7.11,-34.98,84.2,9.17
367,Vanimo,65,PG,1587316071,77,-2.67,141.3,81.79,1.39
368,Severnyy,90,RU,1587316071,42,50.68,36.55,44.6,6.71
369,Msanga,20,TZ,1587316071,73,-6.05,36.03,73.4,9.17
370,Biltine,100,TD,1587316071,10,14.53,20.92,87.44,8.3
371,Baykit,0,RU,1587316071,91,61.67,96.37,22.87,2.19
372,Acapulco de Juárez,75,MX,1587316071,66,16.86,-99.89,84.2,5.82
373,Hasaki,75,JP,1587316072,93,35.73,140.83,48.2,11.41
374,Longyearbyen,40,SJ,1587316072,74,78.22,15.64,35.6,25.28
375,Khorinsk,66,RU,1587316072,76,52.17,109.77,19.27,4.0
376,Morondava,0,MG,1587316027,77,-20.28,44.28,79.57,10.98
377,Nishihara,75,JP,1587316072,88,26.18,127.76,75.2,19.46
378,Nouadhibou,0,MR,1587316072,60,20.93,-17.03,73.4,23.04
379,Deolāli,49,IN,1587315910,25,19.95,73.83,81.86,5.12
380,Kabo,44,CF,1587316073,35,7.7,18.63,86.79,5.17
381,Māngrol,26,IN,1587316073,63,21.12,70.12,81.3,12.41
382,Karratha,99,AU,1587316073,55,-20.74,116.85,84.04,3.22
383,Świnoujście,0,PL,1587316073,51,53.91,14.25,53.01,1.01
384,Nago,90,JP,1587316073,88,26.59,127.98,73.4,10.29
385,Iztapa,40,GT,1587316073,55,13.93,-90.71,91.4,6.93
386,Wattegama,97,LK,1587316074,85,6.8,81.48,77.5,0.96
387,Melilla,48,ES,1587316074,60,35.29,-2.94,68.0,20.8
388,Lavumisa,16,SZ,1587316074,81,-27.31,31.89,65.08,2.1
389,Santa Cruz de la Sierra,0,BO,1587316045,27,-17.8,-63.17,89.6,2.24
390,Taltal,7,CL,1587316074,57,-25.4,-70.48,70.11,5.53
391,Hurricane,1,US,1587316074,58,37.18,-113.29,62.01,9.08
392,Richards Bay,0,ZA,1587316074,80,-28.78,32.04,71.04,12.21
393,Yulara,36,AU,1587316074,33,-25.24,130.99,73.4,3.36
394,Yanam,81,IN,1587316074,73,16.73,82.22,79.81,2.84
395,Kaeo,100,NZ,1587316075,94,-35.1,173.78,57.99,2.64
396,Felanitx,90,ES,1587316075,88,39.47,3.15,66.2,11.41
397,Broome,1,US,1587316075,54,42.25,-75.83,55.99,14.99
398,Tocopilla,11,CL,1587316075,28,-22.09,-70.2,84.06,7.38
399,Salalah,40,OM,1587315930,66,17.02,54.09,84.2,6.93
400,Agirish,89,RU,1587316075,79,61.92,63.02,35.73,6.67
401,Ifo,75,NG,1587316075,74,6.81,3.2,86.0,11.41
402,Las Margaritas,28,MX,1587316076,25,16.32,-91.98,85.32,5.55
403,Kodinsk,0,RU,1587316076,92,58.69,99.18,24.08,2.98
404,Sechura,1,PE,1587316076,66,-5.56,-80.82,77.23,9.64
405,Saint George,1,US,1587316061,58,37.1,-113.58,62.01,7.94
406,Roald,0,NO,1587316076,66,62.58,6.13,48.99,8.05
407,Funadhoo,33,MV,1587316076,72,6.15,73.27,86.49,8.75
408,Aberdeen,0,GB,1587316023,61,57.14,-2.1,53.01,13.87
409,Bereda,26,ES,1587316077,82,43.27,-7.54,59.0,7.0
410,Mossamedes,2,AO,1587315834,62,-15.2,12.15,76.14,14.14
411,Qaqortoq,20,GL,1587316140,50,60.72,-46.03,33.8,2.24
412,Caborca,50,MX,1587316140,36,30.58,-111.1,71.01,4.5
413,Chegdomyn,100,RU,1587316140,52,51.12,133.02,48.15,8.79
414,Poum,70,NC,1587316140,80,-20.23,164.02,79.3,11.95
415,Wanning,87,CN,1587316140,90,18.8,110.4,77.23,7.34
416,Mandurah,22,AU,1587316141,93,-32.55,115.7,60.01,9.08
417,Ancud,75,CL,1587316141,87,-41.87,-73.82,53.6,12.75
418,Haimen,64,CN,1587316141,88,23.19,116.61,75.2,6.44
419,Iguape,37,BR,1587316141,64,-24.71,-47.56,76.15,6.93
420,Lahat,99,ID,1587316141,85,-3.8,103.53,74.98,2.17
421,Shimanovsk,100,RU,1587316142,87,52.0,127.7,25.05,14.32
422,Hearst,84,CA,1587316142,88,49.68,-83.67,20.8,6.69
423,Durban,0,ZA,1587316142,78,-29.86,31.03,71.6,10.29
424,Codrington,100,AU,1587316142,66,-38.27,141.97,61.27,20.0
425,Rimbey,75,CA,1587316143,69,52.63,-114.24,37.4,6.93
426,Kyra,59,RU,1587316143,73,49.58,111.98,18.68,7.09
427,Korla,100,CN,1587316143,59,41.76,86.15,59.0,5.3
428,Banepā,75,NP,1587316143,72,27.63,85.52,60.8,3.36
429,Raja,90,SS,1587316149,12,8.46,25.68,83.7,0.13
430,Opuwo,46,NA,1587316149,36,-18.06,13.84,77.0,8.21
431,Kailua,75,US,1587316149,61,21.4,-157.74,78.8,5.82
432,Mount Gambier,90,AU,1587316149,82,-37.83,140.77,57.2,17.22
433,Poyarkovo,100,RU,1587316150,89,49.6,128.68,32.67,11.45
434,Faya,98,SA,1587315958,82,18.39,42.45,66.2,8.05
435,Ketchikan,90,US,1587315903,100,55.34,-131.65,44.6,9.17
436,Horsham,1,GB,1587316150,44,51.06,-0.33,59.0,16.11
437,Noumea,90,NC,1587316150,94,-22.28,166.46,79.0,3.36
438,Kamenka,90,RU,1587316151,53,51.32,42.77,46.0,3.8
439,Kungurtug,0,RU,1587316151,51,50.6,97.52,30.29,0.4
440,Tautira,75,PF,1587316151,83,-17.73,-149.15,78.8,4.7
441,Nizwá,50,OM,1587316151,24,22.93,57.53,85.35,9.48
442,Sinegor'ye,100,RU,1587316152,82,62.08,150.48,-1.34,4.05
443,Maloh,90,PH,1587316152,78,9.06,122.99,80.71,13.6
444,Conceição do Araguaia,57,BR,1587316153,66,-8.26,-49.26,86.34,2.8
445,La Seyne-sur-Mer,100,FR,1587316153,100,43.1,5.88,60.01,5.01
446,Mustafakemalpaşa,73,TR,1587316153,55,40.04,28.41,77.0,5.82
447,Yar-Sale,100,RU,1587316153,97,66.83,70.83,33.91,7.83
448,Bud,90,US,1587316153,57,39.45,-86.18,54.0,5.82
449,Izhma,100,RU,1587316154,96,65.01,53.91,33.8,2.86
450,Mahon,75,ES,1587316154,93,39.89,4.27,62.6,10.29
451,Maunabo,11,PR,1587316154,100,18.01,-65.9,87.01,7.0
452,Jalu,9,LY,1587316155,19,29.03,21.55,76.48,7.07
453,Bondo,85,CD,1587316155,81,3.81,23.69,72.5,4.97
454,Bānswāda,52,IN,1587316155,29,18.38,77.88,86.52,1.68
455,Naze,98,JP,1587316155,94,28.37,129.48,71.6,13.87
456,Okhotsk,41,RU,1587316155,83,59.38,143.3,7.47,10.4
457,Phang Nga,20,TH,1587316216,83,8.45,98.53,80.6,3.36
458,Alugan,41,PH,1587316216,84,12.22,125.48,81.54,13.18
459,Guaxupé,79,BR,1587316216,56,-21.31,-46.71,73.26,6.4
460,Fergus Falls,40,US,1587316054,47,46.28,-96.08,37.4,11.41
461,Sindor,100,RU,1587316216,93,62.86,51.89,33.96,3.58
462,Mwinilunga,19,ZM,1587316217,62,-11.74,24.43,63.95,4.68
463,Xinyang,100,CN,1587316217,64,32.12,114.07,57.56,6.89
464,Port Hardy,90,CA,1587316217,87,50.7,-127.42,48.2,2.15
465,Parfino,42,RU,1587316217,82,57.97,31.65,36.3,7.29
466,Evensk,100,RU,1587316058,86,61.95,159.23,7.83,8.52
467,Natal,40,BR,1587316101,66,-5.79,-35.21,87.8,11.41
468,Camacha,20,PT,1587316174,59,33.08,-16.33,66.2,8.05
469,Oshakati,82,NA,1587316218,35,-17.78,15.68,89.6,8.05
470,Trofors,75,NO,1587316218,87,65.53,13.41,42.8,6.93
471,Ongandjera,67,NA,1587316218,43,-17.88,15.07,75.87,14.14
472,Dakar,7,SN,1587316007,73,14.69,-17.44,80.6,24.16
473,Nizhniy Kuranakh,100,RU,1587316218,90,58.84,125.49,11.16,3.98
474,Kikuchi,100,JP,1587316218,82,32.98,130.82,64.0,3.0
475,Akhtubinsk,100,RU,1587316219,78,48.28,46.17,48.45,5.17
476,Khasan,100,RU,1587316219,89,42.43,130.64,42.75,11.99
477,Ust'-Karsk,81,RU,1587316219,79,52.7,118.81,19.69,9.04
478,Abalak,16,RU,1587316219,74,58.13,68.59,39.6,4.94
479,Zhangye,85,CN,1587316219,26,38.93,100.45,45.88,1.41
480,Rio Grande,20,BR,1587316220,61,-32.03,-52.1,79.0,17.22
481,Shuangcheng,75,CN,1587316220,87,45.35,126.28,51.01,8.95
482,Jacksonville Beach,20,US,1587316058,88,30.29,-81.39,81.0,9.17
483,Hammerfest,75,NO,1587316220,93,70.66,23.68,39.2,34.45
484,Skjervøy,99,NO,1587316220,81,70.03,20.97,41.07,38.81
485,Severnyy-Kospashskiy,85,RU,1587316220,76,59.09,57.8,32.0,1.01
486,Daru,87,PG,1587316220,87,-9.08,143.21,79.47,7.36
487,Moose Factory,40,CA,1587316221,60,51.26,-80.61,8.6,9.17
488,Davidson,90,US,1587316221,55,36.15,-86.78,61.0,1.79
489,Kiama,54,AU,1587316221,100,-34.68,150.87,57.0,5.82
490,Russell,90,US,1587316221,87,32.35,-85.2,53.6,5.82
491,Esperance,40,AU,1587316221,87,-33.87,121.9,53.6,6.93
492,Shirokiy,100,RU,1587316221,77,49.76,129.52,36.19,10.18
493,Camaná,10,PE,1587316221,59,-16.62,-72.71,75.24,8.5
494,Muzhi,100,RU,1587316222,96,65.37,64.67,33.84,5.61
495,Kidal,100,ML,1587316134,8,18.44,1.41,97.95,9.78
496,San Cristobal,40,VE,1587316076,52,7.77,-72.22,87.8,4.7
497,El Alto,19,PE,1587316222,65,-4.27,-81.21,76.82,6.04
498,Mehamn,90,NO,1587316190,86,71.04,27.85,41.0,16.11
499,Morant Bay,20,JM,1587316222,66,17.88,-76.41,87.01,18.34
500,Shahreza,71,IR,1587316223,27,32.03,51.88,60.49,2.55
501,Laguna,75,US,1587315989,71,38.42,-121.42,59.0,4.7
502,Karakulino,65,RU,1587316223,66,56.01,53.71,40.73,2.48
503,Zyryanka,24,RU,1587316223,86,65.75,150.85,-7.58,8.05
504,Touros,40,BR,1587316223,66,-5.2,-35.46,87.8,11.41
505,Haines Junction,100,CA,1587316032,53,60.75,-137.51,42.67,4.97
506,Puerto del Rosario,40,ES,1587316283,49,28.5,-13.86,73.4,17.22
507,Simões,75,BR,1587316283,74,-7.6,-40.82,80.28,6.78
508,Teya,7,RU,1587316284,91,60.38,92.63,28.78,4.47
509,Bollnäs,66,SE,1587316284,66,61.35,16.39,48.18,7.18
510,Kargasok,100,RU,1587316284,70,59.06,80.86,47.08,10.25
511,Ugoofaaru,25,MV,1587316285,74,5.67,73.0,86.04,10.07
512,Gunjur,15,GM,1587316285,40,13.2,-16.73,87.8,11.41
513,Tateyama,100,JP,1587316285,98,34.98,139.87,51.01,7.0
514,Sawtell,11,AU,1587316286,93,-30.38,153.1,57.2,5.61
515,San Francisco,75,US,1587316192,67,37.77,-122.42,57.2,4.88
516,Port Said,1,EG,1587316150,72,31.26,32.28,68.0,14.99
517,Konya Province,40,TR,1587316286,42,38.17,32.5,66.2,6.93
518,Dhārchula,97,IN,1587316286,34,29.85,80.53,55.49,7.78
519,Udachny,0,RU,1587316287,52,66.42,112.4,19.4,2.24
520,Zonguldak,44,TR,1587316287,56,41.25,31.83,55.36,3.22
521,Villa Carlos Paz,0,AR,1587316287,34,-31.42,-64.5,84.99,4.7
522,Vigrestad,0,NO,1587316287,66,58.57,5.7,51.01,11.41
523,Tomatlán,1,MX,1587316287,42,19.93,-105.25,89.11,9.44
524,College,90,US,1587316147,93,64.86,-147.8,44.01,1.97
525,Fallon,1,US,1587316288,23,39.47,-118.78,55.99,4.7
526,Harrisburg,1,US,1587316288,49,40.27,-76.88,61.0,11.41
527,Selikhino,100,RU,1587316288,60,50.37,137.5,47.86,3.89
528,Katherine,14,AU,1587316288,73,-14.47,132.27,73.4,4.7
529,La Ronge,75,CA,1587316288,52,55.1,-105.28,41.0,19.46
530,Ardakān,40,IR,1587316026,35,32.31,54.02,71.6,2.24
531,Burnie,100,AU,1587316289,92,-41.07,145.92,54.0,15.99
532,Pombal,50,BR,1587316289,47,-6.77,-37.8,90.32,0.27
533,Vancouver,90,CA,1587316038,81,49.25,-123.12,54.0,10.29
534,Havelock,75,US,1587316291,49,34.88,-76.9,73.4,16.11
535,Mackenzie,1,CA,1587316291,60,55.3,-123.17,39.2,5.82
536,Praia,20,CV,1587316291,51,14.92,-23.51,80.6,20.8
537,Westport,1,US,1587316291,46,41.14,-73.36,57.99,17.22
538,San Policarpo,39,PH,1587316292,84,12.18,125.51,81.82,13.33
539,Grand-Bourg,75,GP,1587316292,78,15.88,-61.31,84.2,6.93
540,Kumul,99,CN,1587316292,18,42.8,93.45,61.9,17.94
541,Cikampek,99,ID,1587316292,80,-6.42,107.46,79.56,2.33
542,Kharan,48,PK,1587316086,29,28.58,65.42,76.05,11.03
543,Nabire,40,ID,1587316292,80,-3.37,135.48,76.62,2.84
544,Umluj,0,SA,1587316293,44,25.02,37.27,77.14,4.61
545,‘Āhuimanu,75,US,1587316293,61,21.44,-157.84,78.8,5.82
546,Chamba,55,IN,1587316293,34,32.57,76.13,56.57,8.99
547,Oksbøl,0,DK,1587316293,32,55.63,8.29,59.0,6.93
548,Khāsh,95,IR,1587316293,31,28.22,61.22,67.86,3.83
549,Shchigry,40,RU,1587316294,60,51.88,36.9,44.01,4.47
550,Labuhan,63,ID,1587316294,81,-6.88,112.21,80.08,1.57
551,Água Branca,51,BR,1587316294,74,-5.89,-42.64,83.44,3.42
552,Nuuk,77,GL,1587316294,90,64.18,-51.72,32.0,40.26
553,Otane,15,NZ,1587316294,81,-39.88,176.63,49.03,2.86
